text,label,spam_probability,prediction,error_type
"Latest News! Police station toilet stolen, cops have nothing to go on!",1,0.04061686675682094,0,false_negative
Would you like to see my XXX pics they are so hot they were nearly banned in the uk!,1,0.09506069760895076,0,false_negative
Check Out Choose Your Babe Videos @ sms.shsex.netUN fgkslpoPW fgkslpo,1,0.1817746005377537,0,false_negative
Babe: U want me dont u baby! Im nasty and have a thing 4 filthyguys. Fancy a rude time with a sexy bitch. How about we go slo n hard! Txt XXX SLO(4msgs),1,0.19661390798244546,0,false_negative
Bought one ringtone and now getting texts costing 3 pound offering more tones etc,1,0.22832614585583563,0,false_negative
Burger King - Wanna play footy at a top stadium? Get 2 Burger King before 1st Sept and go Large or Super with Coca-Cola and walk out a winner,1,0.24268361094313548,0,false_negative
"In The Simpsons Movie released in July 2007 name the band that died at the start of the film? A-Green Day, B-Blue Day, C-Red Day. (Send A, B or C)",1,0.28000850255121895,0,false_negative
ringtoneking 84484,1,0.28261449419793677,0,false_negative
RECPT 1/3. You have ordered a Ringtone. Your order is being processed...,1,0.30645879200943554,0,false_negative
